<?xml version="1.0" encoding="UTF-8"?>
<project-private xmlns="http://www.netbeans.org/ns/project-private/1">
    <editor-bookmarks xmlns="http://www.netbeans.org/ns/editor-bookmarks/2" lastBookmarkId="0"/>
    <open-files xmlns="http://www.netbeans.org/ns/projectui-open-files/2">
        <group>
            <file>file:/C:/Users/M/Desktop/VideoRentalSystem/src/videorentalsystem/VideoRentalSystem.java</file>
            <file>file:/C:/Users/M/Desktop/VideoRentalSystem/src/videorentalsystem/Transaction.java</file>
            <file>file:/C:/Users/M/Desktop/VideoRentalSystem/src/videorentalsystem/MovieDataBase.java</file>
            <file>file:/C:/Users/M/Desktop/VideoRentalSystem/src/videorentalsystem/EditActor.java</file>
            <file>file:/C:/Users/M/Desktop/VideoRentalSystem/src/videorentalsystem/CustomerRentHistory.java</file>
            <file>file:/C:/Users/M/Desktop/VideoRentalSystem/src/videorentalsystem/EditMovie.java</file>
            <file>file:/C:/Users/M/Desktop/VideoRentalSystem/src/videorentalsystem/Movie.java</file>
            <file>file:/C:/Users/M/Desktop/VideoRentalSystem/src/videorentalsystem/ActorDataBase.java</file>
        </group>
    </open-files>
</project-private>
